Roman,Pollastro,4,rpollastro0
Farrand,Clapston,2,fclapston1
Basilius,Bramsen,5,bbramsen2
Gareth,Szymanski,2,gszymanski3
Sharleen,Haddon,5,shaddon4
Reed,Beldon,1,rbeldon5
Gilemette,Gann,7,ggann6
Adela,Connechy,3,aconnechy7
Kassi,Coushe,6,kcoushe8
Caye,Conaghan,4,cconaghan9
