id,first_name,last_name,email,object_of_study
1,Ashlee,Easdon,aeasdon0@chron.com,5
2,Gram,Purser,gpurser1@jalbum.net,7
3,Maximilian,Littlefair,mlittlefair2@a8.net,5
4,Denis,Degan,ddegan3@cnn.com,2
5,Mirabelle,Khilkov,mkhilkov4@gmpg.org,8
6,Tracey,Bonhome,tbonhome5@eventbrite.com,1
7,Maire,Roles,mroles6@disqus.com,1
8,Liesa,Prescot,lprescot7@ft.com,7
9,Dasya,Walkling,dwalkling8@cnet.com,8
10,Arther,Scriven,ascriven9@hexun.com,7
11,Roseanna,Stanford,rstanforda@deviantart.com,6
12,Berget,Greensitt,bgreensittb@nydailynews.com,2
13,Tammy,Crollman,tcrollmanc@netscape.com,4
14,Diahann,Cumberledge,dcumberledged@yelp.com,4
15,Petra,Purry,ppurrye@businessinsider.com,7
16,Jaymie,Handforth,jhandforthf@webeden.co.uk,7
17,Ava,Burghill,aburghillg@simplemachines.org,3
18,Geralda,Jahndel,gjahndelh@geocities.jp,4
19,Lorens,Seres,lseresi@digg.com,4
20,Rochester,Ballinger,rballingerj@clickbank.net,5
21,Augie,Ortes,aortesk@columbia.edu,4
22,Sheffield,Unsworth,sunsworthl@addtoany.com,1
23,Jenna,Iannini,jianninim@google.es,6
24,Heriberto,Thompson,hthompsonn@flickr.com,5
25,Mischa,Trank,mtranko@foxnews.com,3
26,Malachi,Dodman,mdodmanp@statcounter.com,8
27,Pattin,Grand,pgrandq@un.org,7
28,Craggy,Pike,cpiker@seattletimes.com,1
29,Carlota,Nestoruk,cnestoruks@howstuffworks.com,8
30,Lewiss,Bart,lbartt@hostgator.com,7
